Adresse,lat,lon,precision,correspondance
"67 Ha, Antananarivo, Analamanga, Madagascar",-18.9050014,47.5092176,exacte,"67 ha, Antananarivo, Analamanga, Province d’Antananarivo, 101, Madagasikara / Madagascar"
A,-15.3436198,49.948035,incertaine,"Madagascar, FIZONY, District de Maroantsetra, Ambatosoa, Province de Tamatave, Madagasikara / Madagascar"
Adresse non renseignée,,,introuvable,
"Alakamisy Fenoarivo, Antananarivo, Analamanga, Madagascar",-18.9330276,47.4373709,exacte,"Ziona FJTSa7 Fenoarivo Alakamisy, Ambohimandroso Atsinanana, Fenoarivo, District d'Antananarivo Atsimondrano, Analamanga, Province d’Antananarivo, Madagasikara / Madagascar"
"Alarobia, Antananarivo, Analamanga, Madagascar",-18.8713408,47.5212985,exacte,"Alarobia, Antananarivo, Analamanga, Province d’Antananarivo, 100, Madagasikara / Madagascar"
"Alasora, Antananarivo, Analamanga, Madagascar",-18.9553235,47.5674821,exacte,"Alasora, District d'Antananarivo Avaradrano, Analamanga, Province d’Antananarivo, Madagasikara / Madagascar"
Ambalafary Gare,,,introuvable,
"Ambalavao, Haute Matsiatra, Madagascar",-21.8316233,46.9384737,exacte,"Ambalavao, District d'Ambalavao, Matsiatra Ambony, Province de Fianarantsoa, 303, Madagasikara / Madagascar"
"Ambanidia, Antananarivo, Analamanga, Madagascar",-18.9188124,47.5391554,exacte,"Ambanidia, Antananarivo, Analamanga, Province d’Antananarivo, 101, Madagasikara / Madagascar"
"Ambanilalana, Antananarivo, Analamanga, Madagascar",-18.916081,47.4834627,exacte,"Ambanilalana, Làlana Digy, Ampasika, Anosizato Andrefana, Anosipatrana, Antananarivo, Analamanga, Province d’Antananarivo, 102, Madagasikara / Madagascar"
"Ambanilalana, Itaosy, Antananarivo, Analamanga, Madagascar",-18.9181185,47.4708415,approchée,"Itaosy, District d'Antananarivo Atsimondrano, Analamanga, Province d’Antananarivo, 102, Madagasikara / Madagascar"
"Ambanja, Diana, Madagascar",-13.6814515,48.4528406,exacte,"Ambanja, Diana, Province d'Antsiranana, Madagasikara / Madagascar"
"Ambano, Antsirabe, Vakinankaratra, Madagascar",-19.796874,47.047827,exacte,"Ambano, Antsirabe II, Vakinankaratra, Province d’Antananarivo, 110, Madagasikara / Madagascar"
Ambaranjana,-18.9115852,47.540576,incertaine,"Ambaranjana, Avaratr'Antanimora, Antananarivo, Analamanga, Province d’Antananarivo, 101, Madagasikara / Madagascar"
Ambatatolampy,,,introuvable,
"Ambato-Boeny, Boeny, Madagascar",-16.4716451,46.7148208,exacte,"Ambato Boeny, Ambato Boeni, Boeny, Province de Mahajanga, Madagasikara / Madagascar"
"Ambatobe, Antananarivo, Analamanga, Madagascar",-18.8793284,47.5581863,exacte,"Ambatobe, Làlana Ambatobe, Ankadindramamy, Ambatobe, Antananarivo, Analamanga, Province d’Antananarivo, 103, Madagasikara / Madagascar"
Ambatolampikely,-18.8629035,47.6712888,incertaine,"Ambatolampikely, Ambanitsena, District de Manjakandriana, Analamanga, Province d’Antananarivo, 116, Madagasikara / Madagascar"
"Ambatolampy, Vakinankaratra, Madagascar",-19.3858258,47.4271559,exacte,"Ambatolampy, Vakinankaratra, Province d’Antananarivo, Madagasikara / Madagascar"
"Ambatomainty, Melaky, Madagascar",-17.6963929,45.6655134,exacte,"Ambatomainty, Melaky, Province de Mahajanga, Madagasikara / Madagascar"
"Ambatomaro, Ampanotokana, Analamanga, Madagascar",-18.9093719,47.5646763,exacte,"Campus universitaire d'Ambatomaro, Ambatomaro, Antananarivo, Analamanga, Province d’Antananarivo, Madagasikara / Madagascar"
"Ambatomaro, Antananarivo, Analamanga, Madagascar",-18.9007445,47.5630467,exacte,"Ambatomaro, Antananarivo, Analamanga, Province d’Antananarivo, 103, Madagasikara / Madagascar"
"Ambatondrazaka, Alaotra-Mangoro, Madagascar",-17.8237084,48.4267188,exacte,"Ambatondrazaka, Alaotra-Mangoro, Province de Tamatave, Madagasikara / Madagascar"
"Ambatoroka, Antananarivo, Analamanga, Madagascar",-18.9238832,47.5418577,exacte,"Ambatoroka, Antananarivo, Analamanga, Province d’Antananarivo, 103, Madagasikara / Madagascar"
"Ambatovinaky, Antananarivo, Analamanga, Madagascar",-18.9149588,47.5295168,exacte,"Ambatovinaky, Andohalo, Antananarivo, Analamanga, Province d’Antananarivo, 101, Madagasikara / Madagascar"
"Ambavahaditokana, Itaosy, Antananarivo, Analamanga, Madagascar",-18.9181185,47.4708415,approchée,"Itaosy, District d'Antananarivo Atsimondrano, Analamanga, Province d’Antananarivo, 102, Madagasikara / Madagascar"
"Ambilobe, Diana, Madagascar",-13.194439,49.049956,exacte,"Ambilobe, Diana, Province d'Antsiranana, Madagasikara / Madagascar"
"Amboasary Sud, Anosy, Madagascar",-25.0359198,46.3853238,exacte,"Amboasary, Amboasary-Atsimo, Anosy, Province de Toliara, 603, Madagasikara / Madagascar"
Amboavahy,-18.8574147,47.4826431,incertaine,"Amboavahy, Antananarivo, Analamanga, Province d’Antananarivo, 105, Madagasikara / Madagascar"
"Ambodihady, Antananarivo, Analamanga, Madagascar",-18.8737435,47.4868757,exacte,"Ambodihady, Antananarivo, Analamanga, Province d’Antananarivo, 100, Madagasikara / Madagascar"
Ambodiriana,-20.7969778,47.7981245,incertaine,"Ambodiriana, Maroharatra, District d'Ifanadiana, Vatovavy, Province de Fianarantsoa, Madagasikara / Madagascar"
"Amboditsiry, Antananarivo, Analamanga, Madagascar",-18.8844741,47.5371424,exacte,"Amboditsiry, Antananarivo, Analamanga, Province d’Antananarivo, 100, Madagasikara / Madagascar"
Ambodivoarabe,,,introuvable,
"Ambohibao, Antananarivo, Analamanga, Madagascar",-19.0170498,47.5368252,exacte,"Ambohibao, District d'Antananarivo Atsimondrano, Analamanga, Province d’Antananarivo, Madagasikara / Madagascar"
Ambohibarikely,-18.928559,47.5169492,incertaine,"Ambohibarikely, Antananarivo, Analamanga, Province d’Antananarivo, 102, Madagasikara / Madagascar"
Ambohibe Ikafy,,,introuvable,
"Ambohidrabiby, Antananarivo, Analamanga, Madagascar",-18.7706643,47.6099919,exacte,"Ambohidrabiby, District d'Antananarivo Avaradrano, Analamanga, Province d’Antananarivo, Madagasikara / Madagascar"
"Ambohidrapeto, Antananarivo, Analamanga, Madagascar",-18.8981257,47.4735242,exacte,"Ambohidrapeto, District d'Antananarivo Atsimondrano, Analamanga, Province d’Antananarivo, Madagasikara / Madagascar"
"Ambohidratrimo, Antananarivo, Analamanga, Madagascar",-18.8186405,47.4395021,exacte,"Ambohidratrimo, District d'Ambohidratrimo, Analamanga, Province d’Antananarivo, 105, Madagasikara / Madagascar"
"Ambohijanahary, Antananarivo, Analamanga, Madagascar",-18.9254781,47.5248651,exacte,"Ambohijanahary, Antananarivo, Analamanga, Province d’Antananarivo, 101, Madagasikara / Madagascar"
"Ambohijanaka, Antananarivo, Analamanga, Madagascar",-18.997713,47.5608229,exacte,"Ambohijanaka, District d'Antananarivo Atsimondrano, Analamanga, Province d’Antananarivo, Madagasikara / Madagascar"
"Ambohimanambola, Antananarivo, Analamanga, Madagascar",-18.9488122,47.619971,exacte,"Ambohimanambola, District d'Antananarivo Avaradrano, Analamanga, Province d’Antananarivo, Madagasikara / Madagascar"
"Ambohimanarina, Ambatolampy Tsimahafotsy, Analamanga, Madagascar",-18.7915712,47.5157415,approchée,"Newprint AMBATOLAMPY TSIMAHAFOTSY, Autoroute 1, Ambodirano, Ambohitrinimanga, Antsahakely, Ambohimanga Rova, District d'Ambohidratrimo, Analamanga, Province d’Antananarivo, Madagasikara / Madagascar"
"Ambohimanarina, Antananarivo, Analamanga, Madagascar",-18.8748308,47.5015291,exacte,"Ambohimanarina, Antananarivo, Analamanga, Province d’Antananarivo, 100, Madagasikara / Madagascar"
"Ambohimanga Rova, Analamanga, Madagascar",-18.772925,47.5558383,exacte,"Ambohimanga Rova, District d'Antananarivo Avaradrano, Analamanga, Province d’Antananarivo, Madagasikara / Madagascar"
"Ambohimangakely, Antananarivo, Analamanga, Madagascar",-18.9009809,47.5991011,exacte,"Ambohimangakely, District d'Antananarivo Avaradrano, Analamanga, Province d’Antananarivo, 103, Madagasikara / Madagascar"
Ambohimirary,-18.3343696,47.7249581,incertaine,"Ambohimirary, District d'Anjozorobe, Analamanga, Province d’Antananarivo, Madagasikara / Madagascar"
"Ambohipo, Antananarivo, Analamanga, Madagascar",-18.9259831,47.5577342,exacte,"Ambohipo, Antananarivo, Analamanga, Province d’Antananarivo, 103, Madagasikara / Madagascar"
"Ambohipotsy, Antananarivo, Analamanga, Madagascar",-18.9304113,47.5319302,exacte,"Ambohipotsy, Ambohimitsimbina, Antananarivo, Analamanga, Province d’Antananarivo, 101, Madagasikara / Madagascar"
"Ambohitrarahaba, Antananarivo, Analamanga, Madagascar",-18.8631504,47.5477687,exacte,"Ambohitrarahaba, District d'Antananarivo Avaradrano, Analamanga, Province d’Antananarivo, 100, Madagasikara / Madagascar"
"Ambohitrimanjaka, Antananarivo, Analamanga, Madagascar",-18.8769053,47.4777506,exacte,"Route Ambohitrimanjaka, Ambodihady, Antananarivo, Analamanga, Province d’Antananarivo, 101, Madagasikara / Madagascar"
"Ambohitrinimanga, Anosy Avaratra, Antananarivo, Analamanga, Madagascar",-18.8116496,47.546746,exacte,"Fiangonana Advantista Ambohitrinimanga, Route Tsarasaotra-Anosy Avaratra, Amorondria, Atendro, Anosy Avaratra, District d'Antananarivo Avaradrano, Analamanga, Province d’Antananarivo, Madagasikara / Madagascar"
"Ambohitrinimanga, Antananarivo, Analamanga, Madagascar",-18.8852609,47.542471,exacte,"Ambohitrinimanga, Amboditsiry, Antananarivo, Analamanga, Province d’Antananarivo, 100, Madagasikara / Madagascar"
Ambohitrombihavana,-18.8850336,47.6140676,incertaine,"Ambohitrombihavana, Ambohimangakely, District d'Antananarivo Avaradrano, Analamanga, Province d’Antananarivo, Madagasikara / Madagascar"
Ambohitsoa,-18.9410645,47.5417796,incertaine,"Ambohitsoa, Antananarivo, Analamanga, Province d’Antananarivo, 102, Madagasikara / Madagascar"
Ambolikandriandrina,,,introuvable,
"Ambolokandrina, Antananarivo, Analamanga, Madagascar",-18.9217818,47.5751583,exacte,"Cité des Professeurs Ambolokandrina, Ambolonkandrina, Antananarivo, Analamanga, Province d’Antananarivo, Madagasikara / Madagascar"
"Ambondromamy, Ambato-Boeny, Boeny, Madagascar",-16.436889,47.156923,exacte,"Ambondromamy, Ambato Boeni, Boeny, Province de Mahajanga, Madagasikara / Madagascar"
Ambondrona,-21.2686805,46.9937002,incertaine,"Ambondrona, District d'Isandra, Matsiatra Ambony, Province de Fianarantsoa, Madagasikara / Madagascar"
"Ambositra, Amoron'i Mania, Madagascar",-20.5328149,47.2450521,exacte,"Ambositra, Amoron'i Mania, Province de Fianarantsoa, 306, Madagasikara / Madagascar"
"Amoron'i Mania, Madagascar",-20.4554111,46.7401213,exacte,"Amoron'i Mania, Province de Fianarantsoa, Madagasikara / Madagascar"
Ampagabe,,,introuvable,
Ampamantanana,-18.9419992,47.5366079,incertaine,"Ampamantanana Androndrabe, Antananarivo, Analamanga, Province d’Antananarivo, 102, Madagasikara / Madagascar"
"Ampanihy, Atsimo-Andrefana, Madagascar",-24.6926617,44.7463882,exacte,"Ampanihy, Ampanihy Ouest, Atsimo-Andrefana, Province de Toliara, Madagasikara / Madagascar"
"Ampanotokana, Analamanga, Madagascar",-18.7186715,47.3086387,exacte,"Ampanotokana, District d'Ambohidratrimo, Analamanga, Province d’Antananarivo, Madagasikara / Madagascar"
"Ampanotokana, Antananarivo, Analamanga, Madagascar",-18.8991511,47.5576144,exacte,"Ampanotokana, Antananarivo, Analamanga, Province d’Antananarivo, 103, Madagasikara / Madagascar"
"Amparafaravola, Alaotra-Mangoro, Madagascar",-17.587293,48.2237417,exacte,"Amparafaravola, Alaotra-Mangoro, Province de Tamatave, Madagasikara / Madagascar"
"Ampasanimalo, Antananarivo, Analamanga, Madagascar",-18.9152684,47.5397428,exacte,"Ampasanimalo, Avaratr'Antanimora, Antananarivo, Analamanga, Province d’Antananarivo, 101, Madagasikara / Madagascar"
"Ampasapito, Antananarivo, Analamanga, Madagascar",-18.8950086,47.547481,exacte,"Blueline SM Ampasapito, N 2, Ambatokaranana, Ankadindramamy, Ampasampito, Antananarivo, Analamanga, Province d’Antananarivo, 103, Madagasikara / Madagascar"
Ampasika,-15.7206819,46.3151502,incertaine,"Ampasika, Mahajanga, Mahajanga I, Boeny, Province de Mahajanga, Madagasikara / Madagascar"
"Ampefiloha, Antananarivo, Analamanga, Madagascar",-18.9132011,47.5170925,exacte,"Ampefiloha, Antananarivo, Analamanga, Province d’Antananarivo, 101, Madagasikara / Madagascar"
"Ampitatafika, Antananarivo, Analamanga, Madagascar",-18.936994,47.4783843,exacte,"Ampitatafika, Vahilava, District d'Antananarivo Atsimondrano, Analamanga, Province d’Antananarivo, 102, Madagasikara / Madagascar"
"Analamahitsy, Antananarivo, Analamanga, Madagascar",-18.8712932,47.5437024,exacte,"Analamahitsy, Làlana Andriantsihoarana Ratsimbazafy, Ambohijatovo, Analamahitsy Cité, Antananarivo, Analamanga, Province d’Antananarivo, 100, Madagasikara / Madagascar"
"Analamanga, Madagascar",-18.6340317,47.4872346,exacte,"Analamanga, Province d’Antananarivo, Madagasikara / Madagascar"
"Anatihazo, Antananarivo, Analamanga, Madagascar",-18.9148772,47.5105423,exacte,"Anatihazo, Antananarivo, Analamanga, Province d’Antananarivo, 101, Madagasikara / Madagascar"
Andakana,-20.8125047,47.5135083,incertaine,"Andakana, Analampasina, District d'Ifanadiana, Vatovavy, Province de Fianarantsoa, Madagasikara / Madagascar"
"Andasibe, Moramanga, Alaotra-Mangoro, Madagascar",-18.9230783,48.4177934,exacte,"Andasibe, Moramanga, Alaotra-Mangoro, Province de Tamatave, Madagasikara / Madagascar"
"Andavamamba, Antananarivo, Analamanga, Madagascar",-18.9182911,47.5084372,exacte,"Andavamamba, Antananarivo, Analamanga, Province d’Antananarivo, 101, Madagasikara / Madagascar"
"Andohanimandroseza, Antananarivo, Analamanga, Madagascar",-18.9253048,47.5519406,exacte,"Andohanimandroseza, Antananarivo, Analamanga, Province d’Antananarivo, 103, Madagasikara / Madagascar"
"Andoharanofotsy, Antananarivo, Analamanga, Madagascar",-18.9790181,47.5333348,exacte,"Andoharanofotsy, District d'Antananarivo Atsimondrano, Analamanga, Province d’Antananarivo, 102, Madagasikara / Madagascar"
Andohariana,-19.3136746,47.5757092,incertaine,"Andohariana, District d'Andramasina, Analamanga, Province d’Antananarivo, Madagasikara / Madagascar"
"Andohatapenaka, Antananarivo, Analamanga, Madagascar",-18.8945234,47.5090828,exacte,"Rocade Andohatapenaka, Antsalovana, Ankazomanga, Antananarivo, Analamanga, Province d’Antananarivo, 101, Madagasikara / Madagascar"
Andrainarivo,-19.1710981,46.7452805,incertaine,"Andrainarivo, Soavinandriana Ambony, Andasikely Ambany, Soavinandriana, Itasy, Province d’Antananarivo, Madagasikara / Madagascar"
"Andraisoro, Antananarivo, Analamanga, Madagascar",-18.9053244,47.5555546,exacte,"Andraisoro, Antananarivo, Analamanga, Province d’Antananarivo, 103, Madagasikara / Madagascar"
"Andranomanalina, Antananarivo, Analamanga, Madagascar",-18.9100673,47.5117975,exacte,"Andranomanalina, Antananarivo, Analamanga, Province d’Antananarivo, 101, Madagasikara / Madagascar"
"Andranomena, Antananarivo, Analamanga, Madagascar",-18.851791,47.4816106,exacte,"Andranomena, Antananarivo, Analamanga, Province d’Antananarivo, 105, Madagasikara / Madagascar"
"Andravoahangy, Antananarivo, Analamanga, Madagascar",-18.8984389,47.5311422,exacte,"Andravoahangy, Antananarivo, Analamanga, Province d’Antananarivo, 101, Madagasikara / Madagascar"
"Androhibe, Antananarivo, Analamanga, Madagascar",-18.8667272,47.5420598,exacte,"Androhibe, Antananarivo, Analamanga, Province d’Antananarivo, 100, Madagasikara / Madagascar"
Andrononobe,-18.8671033,47.5498995,incertaine,"Andrononobe, District d'Antananarivo Avaradrano, Analamanga, Province d’Antananarivo, 100, Madagasikara / Madagascar"
"Anjanahary, Antananarivo, Analamanga, Madagascar",-18.8952195,47.5372416,exacte,"Anjanahary, Antananarivo, Analamanga, Province d’Antananarivo, 100, Madagasikara / Madagascar"
"Anjomakely, Antananarivo, Analamanga, Madagascar",-18.7795244,47.4813119,exacte,"Anjomakely, District d'Ambohidratrimo, Analamanga, Province d’Antananarivo, 105, Madagasikara / Madagascar"
Ankadiefajoro,-18.9282345,47.7795598,incertaine,"Ankadiefajoro, Manjakandriana, District de Manjakandriana, Analamanga, Province d’Antananarivo, Madagasikara / Madagascar"
"Ankadifotsy, Antananarivo, Analamanga, Madagascar",-18.8978507,47.5258109,exacte,"Ankadifotsy, Antananarivo, Analamanga, Province d’Antananarivo, 101, Madagasikara / Madagascar"
"Ankadikely Ilafy, Antananarivo, Analamanga, Madagascar",-18.8485968,47.5523249,exacte,"Kianjan'ny Fifankatiavana Ankadikely Ilafy, N 3, Andombotany, Ankadikely, Sabotsy Namehana, District d'Antananarivo Avaradrano, Analamanga, Province d’Antananarivo, 100, Madagasikara / Madagascar"
"Ankadimbahoaka, Antananarivo, Analamanga, Madagascar",-18.9430303,47.5234133,exacte,"Ankadimbahoaka, Antananarivo, Analamanga, Province d’Antananarivo, 102, Madagasikara / Madagascar"
"Ankadindramamy, Antananarivo, Analamanga, Madagascar",-18.8919636,47.5590641,exacte,"Ankadindramamy, Ambohidahy, Antananarivo, Analamanga, Province d’Antananarivo, 103, Madagasikara / Madagascar"
"Ankadindratombo, Antananarivo, Analamanga, Madagascar",-18.9390319,47.5547258,exacte,"Ankadindratombo, District d'Antananarivo Avaradrano, Analamanga, Province d’Antananarivo, 103, Madagasikara / Madagascar"
Ankaditany,-18.9502069,47.4714587,incertaine,"Ankaditany, District d'Antananarivo Atsimondrano, Analamanga, Province d’Antananarivo, 102, Madagasikara / Madagascar"
"Ankaraobato, Antananarivo, Analamanga, Madagascar",-18.7056475,47.2465673,exacte,"Ankaraobato, Ambatomitsangana, Ampanotokana, District d'Ambohidratrimo, Analamanga, Province d’Antananarivo, Madagasikara / Madagascar"
"Ankasina, Antananarivo, Analamanga, Madagascar",-18.899991,47.5070299,exacte,"Ankasina, 67 ha, Antananarivo, Analamanga, Province d’Antananarivo, 101, Madagasikara / Madagascar"
"Ankatso, Antananarivo, Analamanga, Madagascar",-18.9159866,47.5657712,exacte,"Ankatso, Antananarivo, Analamanga, Province d’Antananarivo, 103, Madagasikara / Madagascar"
"Ankazobe, Analamanga, Madagascar",-18.3143843,47.1144865,exacte,"Ankazobe, District d'Ankazobe, Analamanga, Province d’Antananarivo, Madagasikara / Madagascar"
"Ankazomanga, Antananarivo, Analamanga, Madagascar",-18.8918482,47.5135602,exacte,"Ankazomanga, Antananarivo, Analamanga, Province d’Antananarivo, 101, Madagasikara / Madagascar"
"Ankazomiriotra, Vakinankaratra, Madagascar",-19.6599454,46.5332578,exacte,"Ankazomiriotra, Mandoto, Vakinankaratra, Province d’Antananarivo, Madagasikara / Madagascar"
Ankazotokana,-18.9176936,47.5356695,incertaine,"Ankazotokana, Antananarivo, Analamanga, Province d’Antananarivo, 101, Madagasikara / Madagascar"
"Ankerana, Antananarivo, Analamanga, Madagascar",-18.8880879,47.556178,exacte,"Ankerana, Antananarivo, Analamanga, Province d’Antananarivo, 103, Madagasikara / Madagascar"
"Ankorondrano, Antananarivo, Analamanga, Madagascar",-18.8859714,47.522924,exacte,"Ankorondrano, Antananarivo, Analamanga, Province d’Antananarivo, 100, Madagasikara / Madagascar"
"Anosibe An'Ala, Alaotra-Mangoro, Madagascar",-19.4382256,48.2060125,exacte,"Anosibe an'ala, Anosibe-An'ala, Alaotra-Mangoro, Province de Tamatave, Madagasikara / Madagascar"
"Anosibe, Antananarivo, Analamanga, Madagascar",-18.9249254,47.5143932,exacte,"Anosibe, Antananarivo, Analamanga, Province d’Antananarivo, 101, Madagasikara / Madagascar"
"Anosimasina, Itaosy, Antananarivo, Analamanga, Madagascar",-18.9181185,47.4708415,approchée,"Itaosy, District d'Antananarivo Atsimondrano, Analamanga, Province d’Antananarivo, 102, Madagasikara / Madagascar"
"Anosipatrana, Antananarivo, Analamanga, Madagascar",-18.9289111,47.4966245,exacte,"Anosipatrana, Antananarivo, Analamanga, Province d’Antananarivo, 102, Madagasikara / Madagascar"
"Anosizato Andrefana, Antananarivo, Analamanga, Madagascar",-18.9391335,47.4971223,exacte,"Anosizato Andrefana, Antananambony, Vahilava, District d'Antananarivo Atsimondrano, Analamanga, Province d’Antananarivo, 102, Madagasikara / Madagascar"
"Anosizato Est, Antananarivo, Analamanga, Madagascar",-18.9100122,47.5255809,approchée,"Antananarivo, Analamanga, Province d’Antananarivo, 101, Madagasikara / Madagascar"
"Anosizato, Antananarivo, Analamanga, Madagascar",-18.9378531,47.4999013,exacte,"Anosizato, Anosizato Andrefana, Anosizato Atsinanana, Antananarivo, Analamanga, Province d’Antananarivo, 102, Madagasikara / Madagascar"
Anosy,-23.9408037,46.1469315,incertaine,"Anosy, Province de Toliara, Madagasikara / Madagascar"
"Anosy Avaratra, Antananarivo, Analamanga, Madagascar",-18.8187582,47.5626053,exacte,"Anosy Avaratra, District d'Antananarivo Avaradrano, Analamanga, Province d’Antananarivo, Madagasikara / Madagascar"
"Antalaha, Sava, Madagascar",-14.9012302,50.2810433,exacte,"Antalaha, District d'Antalaha, Sava, Province d'Antsiranana, Madagasikara / Madagascar"
"Antananarivo, Analamanga, Madagascar",-18.9100122,47.5255809,exacte,"Antananarivo, Analamanga, Province d’Antananarivo, 101, Madagasikara / Madagascar"
Antaniavo,-18.9035513,47.5140628,incertaine,"Lycée privé La Sagesse Antaniavo Antohomadinika, Làlana Eboue, Bekiraro, Isotry, Antananarivo, Analamanga, Province d’Antananarivo, 101, Madagasikara / Madagascar"
"Antanimalandy, Mahajanga, Boeny, Madagascar",-15.7095916,46.3570215,exacte,"Antanimalandy, Mahajanga, Mahajanga I, Boeny, Province de Mahajanga, 401, Madagasikara / Madagascar"
"Antanimbary, Maevatanana, Betsiboka, Madagascar",-17.1851827,46.8553755,exacte,"Antanimbary, Maevatanana, Betsiboka, Province de Mahajanga, Madagasikara / Madagascar"
"Antanimena, Antananarivo, Analamanga, Madagascar",-18.8976398,47.5207728,exacte,"Antanimena, Antananarivo, Analamanga, Province d’Antananarivo, 101, Madagasikara / Madagascar"
Antanimora,-24.8190296,45.6576133,incertaine,"Antanimora, Ambovombe-Androy, Androy, Province de Toliara, Madagasikara / Madagascar"
"Antaninandro, Antananarivo, Analamanga, Madagascar",-18.6904372,47.3971814,exacte,"Antaninandro, Antanetibe Mahazaza, District d'Ambohidratrimo, Analamanga, Province d’Antananarivo, Madagasikara / Madagascar"
Antanivao,-19.8781332,47.0379409,incertaine,"Antanivao, Antsirabe, Antsirabe I, Vakinankaratra, Province d’Antananarivo, Madagasikara / Madagascar"
"Antehiroka, Antananarivo, Analamanga, Madagascar",-18.8457515,47.4875559,exacte,"Ambatolampy Antehiroka, Antananarivo, Analamanga, Province d’Antananarivo, 105, Madagasikara / Madagascar"
"Antetezanafovoany, Antananarivo, Analamanga, Madagascar",-18.9100122,47.5255809,approchée,"Antananarivo, Analamanga, Province d’Antananarivo, 101, Madagasikara / Madagascar"
"Antohomadinika, Antananarivo, Analamanga, Madagascar",-18.90466,47.5153853,exacte,"Antohomadinika, Antananarivo, Analamanga, Province d’Antananarivo, 101, Madagasikara / Madagascar"
"Antsahamamy, Antananarivo, Analamanga, Madagascar",-18.9180882,47.5592986,exacte,"Antsahamamy, Ambolonkandrina, Antananarivo, Analamanga, Province d’Antananarivo, 103, Madagasikara / Madagascar"
Antsahameva,-18.9102098,47.5487971,incertaine,"Antsahameva, Ankatso, Antananarivo, Analamanga, Province d’Antananarivo, 103, Madagasikara / Madagascar"
"Antsakaviro, Antananarivo, Analamanga, Madagascar",-18.9113363,47.5365023,exacte,"Antsakaviro, Antananarivo, Analamanga, Province d’Antananarivo, 101, Madagasikara / Madagascar"
"Antsirabe, Vakinankaratra, Madagascar",-19.871403,47.034667,exacte,"Antsirabe, Antsirabe I, Vakinankaratra, Province d’Antananarivo, 110, Madagasikara / Madagascar"
"Antsiranana, Diana, Madagascar",-12.2779632,49.2913743,exacte,"Antsiranana, District de Antsiranana I, Diana, Province d'Antsiranana, 201, Madagasikara / Madagascar"
"Antsohihy, Sofia, Madagascar",-14.8775272,47.98715,exacte,"Antsohihy, Sofia, Province de Mahajanga, Madagasikara / Madagascar"
"Arivonimamo, Itasy, Madagascar",-19.0087687,47.1797742,exacte,"Arivonimamo, Itasy, Province d’Antananarivo, 112, Madagasikara / Madagascar"
"Avaradoha, Antananarivo, Analamanga, Madagascar",-18.9001063,47.5438721,exacte,"Avaradoha, Antananarivo, Analamanga, Province d’Antananarivo, 103, Madagasikara / Madagascar"
"Befelatanana, Antananarivo, Analamanga, Madagascar",-18.9193638,47.5231505,exacte,"Maternité Befelatanana, Làlana Ravelonanosy, Mahamasina Atsimo, Mahamasina, Antananarivo, Analamanga, Province d’Antananarivo, 101, Madagasikara / Madagascar"
"Behoririka, Antananarivo, Analamanga, Madagascar",-18.9023148,47.5256863,exacte,"Behoririka, Antananarivo, Analamanga, Province d’Antananarivo, 101, Madagasikara / Madagascar"
"Bekily, Androy, Madagascar",-24.2220541,45.3189359,exacte,"Bekily, Morafeno Bekily, District de Bekily, Androy, Province de Toliara, Madagasikara / Madagascar"
"Belo-sur-Tsiribihina, Menabe, Madagascar",-19.6898203,44.5448105,exacte,"Belo sur Tsiribihina, N 8, Belo-Tsiribihina, Belo Sur Tsiribihina, Menabe, Province de Toliara, 608, Madagasikara / Madagascar"
"Belobaka, Mahajanga, Boeny, Madagascar",-15.7167425,46.3336571,exacte,"Belobaka, Antanimasaja, Mahajanga, Mahajanga I, Boeny, Province de Mahajanga, 401, Madagasikara / Madagascar"
"Bemasoandro, Antananarivo, Analamanga, Madagascar",-18.9130158,47.485925,exacte,"Bemasoandro, District d'Antananarivo Atsimondrano, Analamanga, Province d’Antananarivo, 101, Madagasikara / Madagascar"
"Bemasoandro, Itaosy, Antananarivo, Analamanga, Madagascar",-18.9181185,47.4708415,approchée,"Itaosy, District d'Antananarivo Atsimondrano, Analamanga, Province d’Antananarivo, 102, Madagasikara / Madagascar"
"Besalampy, Melaky, Madagascar",-16.7484406,44.4908675,exacte,"Besalampy, Melaky, Province de Mahajanga, Madagasikara / Madagascar"
"Besarety, Antananarivo, Analamanga, Madagascar",-18.9016339,47.5362974,exacte,"Besarety, Antananarivo, Analamanga, Province d’Antananarivo, 101, Madagasikara / Madagascar"
"Betafo, Vakinankaratra, Madagascar",-19.8385451,46.8562285,exacte,"Betafo, Vakinankaratra, Province d’Antananarivo, Madagasikara / Madagascar"
"Betioky, Atsimo-Andrefana, Madagascar",-23.718638,44.3794652,exacte,"Betioky, Betioky Atsimo, Atsimo-Andrefana, Province de Toliara, Madagasikara / Madagascar"
"Betongolo, Antananarivo, Analamanga, Madagascar",-18.9051156,47.5397786,exacte,"Betongolo, Antananarivo, Analamanga, Province d’Antananarivo, 101, Madagasikara / Madagascar"
"Carion, Analamanga, Madagascar",-18.906508,47.706098,exacte,"Carion, Nandihizana Carion, District de Manjakandriana, Analamanga, Province d’Antananarivo, 116, Madagasikara / Madagascar"
Catania,,,introuvable,
F 259,-18.6109864,47.3995487,incertaine,"F, Ambohibary, Anjanadoria, District d'Ambohidratrimo, Analamanga, Province d’Antananarivo, Madagasikara / Madagascar"
"Fandriana, Amoron'i Mania, Madagascar",-20.2387837,47.3783614,exacte,"Fandriana, Amoron'i Mania, Province de Fianarantsoa, Madagasikara / Madagascar"
"Farafangana, Atsimo-Atsinanana, Madagascar",-22.8217524,47.8307127,exacte,"Farafangana, District de Farafangana, Atsimo-Atsinanana, Province de Fianarantsoa, 309, Madagasikara / Madagascar"
"Faratsiho, Vakinankaratra, Madagascar",-19.4050956,46.9508361,exacte,"Faratsiho, Vakinankaratra, Province d’Antananarivo, Madagasikara / Madagascar"
"Faravohitra, Antananarivo, Analamanga, Madagascar",-18.9097137,47.5297512,exacte,"Faravohitra, Antananarivo, Analamanga, Province d’Antananarivo, 101, Madagasikara / Madagascar"
"Fenoarivo Atsinanana, Analanjirofo, Madagascar",-17.382029,49.4099733,exacte,"Fenoarivo Atsinanana, District de Fénérive-Est, Analanjirofo, Province de Tamatave, 509, Madagasikara / Madagascar"
"Fenoarivo, Antananarivo, Analamanga, Madagascar",-18.9329992,47.4354336,exacte,"Fenoarivo, District d'Antananarivo Atsimondrano, Analamanga, Province d’Antananarivo, Madagasikara / Madagascar"
"Fiadanana, Antananarivo, Analamanga, Madagascar",-18.9339924,47.5245164,exacte,"Fiadanana, Antananarivo, Analamanga, Province d’Antananarivo, 102, Madagasikara / Madagascar"
"Fianarantsoa, Haute Matsiatra, Madagascar",-21.456444,47.085149,exacte,"Fianarantsoa, District de Fianarantsoa, Matsiatra Ambony, Province de Fianarantsoa, 301, Madagasikara / Madagascar"
"Fieferana, Antananarivo, Analamanga, Madagascar",-18.830134,47.6450309,exacte,"Fieferana, District d'Antananarivo Avaradrano, Analamanga, Province d’Antananarivo, Madagasikara / Madagascar"
France,-18.9210402,47.5024721,incertaine,"France, Làlana Ny Avana Ramanantoanina, Ambilanibe, Anosizato Andrefana, Ilanivato, Antananarivo, Analamanga, Province d’Antananarivo, 101, Madagasikara / Madagascar"
G 149,-18.9539563,47.534776,incertaine,"Socobis Madagascar, Androndrakely, Antananarivo, Analamanga, Province d’Antananarivo, Madagasikara / Madagascar"
"Ihosy, Ihorombe, Madagascar",-22.403183,46.1289903,exacte,"Ihosy, District d'Ihosy, Ihorombe, Province de Fianarantsoa, 313, Madagasikara / Madagascar"
"Ilafy, Antananarivo, Analamanga, Madagascar",-18.8540159,47.5655919,exacte,"Ilafy, District d'Antananarivo Avaradrano, Analamanga, Province d’Antananarivo, 100, Madagasikara / Madagascar"
"Ilakaka, Ihosy, Ihorombe, Madagascar",-22.700384,45.2147386,exacte,"Andohanilakaka, District d'Ihosy, Ihorombe, Province de Fianarantsoa, Madagasikara / Madagascar"
"Ilanivato, Antananarivo, Analamanga, Madagascar",-18.923307,47.5010319,exacte,"Ilanivato, Antananarivo, Analamanga, Province d’Antananarivo, 102, Madagasikara / Madagascar"
"Imerimandroso, Alaotra-Mangoro, Madagascar",-17.427856,48.592285,exacte,"Imerimandroso, Ambatondrazaka, Alaotra-Mangoro, Province de Tamatave, Madagasikara / Madagascar"
"Imerimanjaka, Antananarivo, Analamanga, Madagascar",-18.9797615,47.546441,exacte,"Imerimanjaka, Ambohijanaka, District d'Antananarivo Atsimondrano, Analamanga, Province d’Antananarivo, 102, Madagasikara / Madagascar"
"Imerintsiatosika, Itasy, Madagascar",-18.9812396,47.3238704,exacte,"Imerintsiatosika, Arivonimamo, Itasy, Province d’Antananarivo, Madagasikara / Madagascar"
"Itaosy, Antananarivo, Analamanga, Madagascar",-18.9181185,47.4708415,exacte,"Itaosy, District d'Antananarivo Atsimondrano, Analamanga, Province d’Antananarivo, 102, Madagasikara / Madagascar"
"Itasy, Madagascar",-19.036567,46.9937529,exacte,"Itasy, Province d’Antananarivo, Madagasikara / Madagascar"
"Ivandry, Antananarivo, Analamanga, Madagascar",-18.8758484,47.5236374,exacte,"Ivandry, Antananarivo, Analamanga, Province d’Antananarivo, 100, Madagasikara / Madagascar"
"Ivato Aéroport, Antananarivo, Analamanga, Madagascar",-18.7961372,47.4734286,exacte,"Aéroport International d'Ivato, Feux BI omnidirectionnels, Soamanandray, Anosiala, District d'Ambohidratrimo, Analamanga, Province d’Antananarivo, 105, Madagasikara / Madagascar"
"Ivato, Antananarivo, Analamanga, Madagascar",-18.8683551,47.5159967,exacte,"Lalana Tsarasaotra-Ivato, Tsarasaotra, Soavimasoandro, Antananarivo, Analamanga, Province d’Antananarivo, 100, Madagasikara / Madagascar"
"Ivohibe, Ihorombe, Madagascar",-22.4810358,46.888135,exacte,"Ivohibe, District d'Ivohibe, Ihorombe, Province de Fianarantsoa, Madagasikara / Madagascar"
Ivolaniray,-18.9266487,47.5061917,incertaine,"Ivolaniray, Anosizato Andrefana, Ilanivato, Antananarivo, Analamanga, Province d’Antananarivo, 102, Madagasikara / Madagascar"
"Ivory, Antsirabe, Vakinankaratra, Madagascar",-19.8692759,47.0222776,exacte,"Ivory, Antsirabe, Antsirabe I, Vakinankaratra, Province d’Antananarivo, 110, Madagasikara / Madagascar"
"Kandreho, Betsiboka, Madagascar",-17.4840961,46.0947251,exacte,"Kandreho, District de Kandreho, Betsiboka, Province de Mahajanga, Madagasikara / Madagascar"
"Lazaina, Antananarivo, Analamanga, Madagascar",-18.805612,47.5615294,exacte,"Lazaina, District d'Antananarivo Avaradrano, Analamanga, Province d’Antananarivo, Madagasikara / Madagascar"
Loharanombato,,,introuvable,
Lot 0908D081,,,introuvable,
"Maevatanana, Betsiboka, Madagascar",-16.9497038,46.828337,exacte,"Maevatanàna, Maevatanana, Betsiboka, Province de Mahajanga, Madagasikara / Madagascar"
Mahafaly Vatofotsy,-19.8401274,47.0420243,incertaine,"Centre d' Acceuille - Mopera Mahafaly, N 7, Miaramasoandro Vatofotsy, Antsirabe, Antsirabe I, Vakinankaratra, Province d’Antananarivo, 110, Madagasikara / Madagascar"
"Mahajanga, Boeny, Madagascar",-15.7181492,46.3172577,exacte,"Mahajanga, Mahajanga I, Boeny, Province de Mahajanga, Madagasikara / Madagascar"
"Mahamasina, Antananarivo, Analamanga, Madagascar",-18.9184037,47.5248045,exacte,"Mahamasina, Antananarivo, Analamanga, Province d’Antananarivo, 101, Madagasikara / Madagascar"
"Mahanoro, Atsinanana, Madagascar",-19.9001695,48.8094884,exacte,"Mahanoro, District de Mahanoro, Atsinanana, Province de Tamatave, Madagasikara / Madagascar"
"Mahavelona, Atsinanana, Madagascar",-17.6788734,49.5118525,exacte,"Mahavelona, Toamasina II, Atsinanana, Province de Tamatave, Madagasikara / Madagascar"
Mahazina,-19.8130153,47.0286727,incertaine,"Mahazina, Antsirabe II, Vakinankaratra, Province d’Antananarivo, 110, Madagasikara / Madagascar"
"Mahazoarivo, Antananarivo, Analamanga, Madagascar",-18.938896,47.5459118,exacte,"Mahazoarivo, Antananarivo, Analamanga, Province d’Antananarivo, 103, Madagasikara / Madagascar"
"Mahitsy, Analamanga, Madagascar",-18.7482365,47.3453175,exacte,"Mahitsy, District d'Ambohidratrimo, Analamanga, Province d’Antananarivo, Madagasikara / Madagascar"
"Mahitsy, Antananarivo, Analamanga, Madagascar",-18.7482365,47.3453175,exacte,"Mahitsy, District d'Ambohidratrimo, Analamanga, Province d’Antananarivo, Madagasikara / Madagascar"
"Maintirano, Melaky, Madagascar",-18.0608947,44.023951,exacte,"Maintirano, Melaky, Province de Mahajanga, Madagasikara / Madagascar"
Malaho,-18.9747571,47.5083402,incertaine,"Malaho, District d'Antananarivo Atsimondrano, Analamanga, Province d’Antananarivo, 102, Madagasikara / Madagascar"
Malaho Bevalala,,,introuvable,
"Manakambahiny, Ambatondrazaka, Alaotra-Mangoro, Madagascar",-17.8573118,48.2939706,exacte,"Manakambahiny, Ambatondrazaka, Alaotra-Mangoro, Province de Tamatave, Madagasikara / Madagascar"
"Manakara, Fitovinany, Madagascar",-22.1449564,48.0113527,exacte,"Manakara, District de Manakara, Fitovinany, Province de Fianarantsoa, 316, Madagasikara / Madagascar"
"Manambondro, Vangaindrano, Atsimo-Atsinanana, Madagascar",-23.7995702,47.5439454,exacte,"Manambondro, District de Vangaindrano, Atsimo-Atsinanana, Province de Fianarantsoa, Madagasikara / Madagascar"
"Mananjary, Vatovavy, Madagascar",-21.2385393,48.3463035,exacte,"Mananjary, District de Mananjary, Vatovavy, Province de Fianarantsoa, 317, Madagasikara / Madagascar"
"Manarintsoa, Antananarivo, Analamanga, Madagascar",-18.9125971,47.5133988,exacte,"Manarintsoa, Antananarivo, Analamanga, Province d’Antananarivo, 101, Madagasikara / Madagascar"
"Mandritsara, Sofia, Madagascar",-15.844323,48.8238884,exacte,"Mandritsara, Sofia, Province de Mahajanga, Madagasikara / Madagascar"
"Mandroseza, Antananarivo, Analamanga, Madagascar",-18.9343683,47.550035,exacte,"Mandroseza, Antananarivo, Analamanga, Province d’Antananarivo, 103, Madagasikara / Madagascar"
"Mangarivotra, Mahajanga, Boeny, Madagascar",-15.7164838,46.3134356,exacte,"Mangarivotra, Mahajanga, Mahajanga I, Boeny, Province de Mahajanga, Madagasikara / Madagascar"
"Manjakaray, Antananarivo, Analamanga, Madagascar",-18.8904911,47.5333981,exacte,"Manjakaray, Antananarivo, Analamanga, Province d’Antananarivo, 100, Madagasikara / Madagascar"
"Maroantsetra, Analanjirofo, Madagascar",-17.0173834,49.1725519,approchée,"Analanjirofo, Province de Tamatave, Madagasikara / Madagascar"
"Matanga, Vangaindrano, Atsimo-Atsinanana, Madagascar",-23.5239755,47.5523974,exacte,"Matanga, District de Vangaindrano, Atsimo-Atsinanana, Province de Fianarantsoa, Madagasikara / Madagascar"
Mazoarivo,-22.8389828,47.5360501,incertaine,"Mazoarivo, Ambalabe, District de Farafangana, Atsimo-Atsinanana, Province de Fianarantsoa, Madagasikara / Madagascar"
Miandrarivo,-18.3749209,47.8854534,incertaine,"Miandrarivo, Anjozorobe, District d'Anjozorobe, Analamanga, Province d’Antananarivo, Madagasikara / Madagascar"
Miandriarivo,-21.3323276,47.1675047,incertaine,"Miandriarivo, Ambalamahasoa, District de Lalangina, Matsiatra Ambony, Province de Fianarantsoa, Madagasikara / Madagascar"
"Miandrivazo, Menabe, Madagascar",-19.5312416,45.4587681,exacte,"Miandrivazo, District de Miandrivazo, Menabe, Province de Toliara, Madagasikara / Madagascar"
"Miarinarivo, Itasy, Madagascar",-18.956006,46.906709,exacte,"Miarinarivo, Miarinarivo I, Miarinarivo, Itasy, Province d’Antananarivo, Madagasikara / Madagascar"
"Moramanga, Alaotra-Mangoro, Madagascar",-18.9471494,48.2304269,exacte,"Moramanga, Alaotra-Mangoro, Province de Tamatave, 514, Madagasikara / Madagascar"
Morarano,-18.905583,47.312523,incertaine,"Morarano, Arivonimamo, Itasy, Province d’Antananarivo, Madagasikara / Madagascar"
"Morondava, Menabe, Madagascar",-20.2951102,44.2786121,exacte,"Morondava, Menabe, Province de Toliara, Madagasikara / Madagascar"
"Namontana, Antananarivo, Analamanga, Madagascar",-18.9363166,47.5185995,exacte,"Madera Namontana, Antananarivo, Analamanga, Province d’Antananarivo, 102, Madagasikara / Madagascar"
"Nanisana, Antananarivo, Analamanga, Madagascar",-18.8898644,47.5488231,exacte,"Nanisana, Antananarivo, Analamanga, Province d’Antananarivo, 103, Madagasikara / Madagascar"
"Nosy Be Hell-Ville, Nosy Be, Diana, Madagascar",-13.3959693,48.2660821,exacte,"Air Madagascar Office, Route de l'Ouest, Hell-Ville, District de Nosy Be, Diana, Province d'Antsiranana, 207, Madagasikara / Madagascar"
"Nosy Be, Diana, Madagascar",-13.311953,48.2533986,exacte,"Nosy Be, District de Nosy Be, Diana, Province d'Antsiranana, Madagasikara / Madagascar"
"Nosy Varika, Vatovavy, Madagascar",-20.5829067,48.5322582,exacte,"Nosy Varika, District de Nosy Varika, Vatovavy, Province de Fianarantsoa, Madagasikara / Madagascar"
Ouest Mananjara,-18.9319438,47.5174946,incertaine,"Ouest Mananjara, Antananarivo, Analamanga, Province d’Antananarivo, 102, Madagasikara / Madagascar"
Paris,-14.900352,50.279944,incertaine,"Boulevard de Paris, Tanambao, Ville Basse, Antalaha, District d'Antalaha, Sava, Province d'Antsiranana, Madagasikara / Madagascar"
Pavillon S23,,,introuvable,
"Port-Bergé, Sofia, Madagascar",-15.5668595,47.6207245,exacte,"Port-Bergé, Port-Berge (Boriziny-Vaovao), Sofia, Province de Mahajanga, 419, Madagasikara / Madagascar"
"Ravitoto, Antananarivo, Analamanga, Madagascar",-18.9100122,47.5255809,approchée,"Antananarivo, Analamanga, Province d’Antananarivo, 101, Madagasikara / Madagascar"
"Sabotsy Namehana, Antananarivo, Analamanga, Madagascar",-18.8348151,47.5556302,exacte,"Sabotsy Namehana, District d'Antananarivo Avaradrano, Analamanga, Province d’Antananarivo, Madagasikara / Madagascar"
"Sambava, Sava, Madagascar",-14.254956,50.1556533,exacte,"Sambava, District de Sambava, Sava, Province d'Antsiranana, 208, Madagasikara / Madagascar"
"Sirama, Ambilobe, Diana, Madagascar",-13.0910217,48.9252612,exacte,"Sirama, Ambilobe, Diana, Province d'Antsiranana, Madagasikara / Madagascar"
"Soamanandrariny, Antananarivo, Analamanga, Madagascar",-18.8910451,47.5654386,exacte,"Soamanandrariny, District d'Antananarivo Avaradrano, Analamanga, Province d’Antananarivo, 103, Madagasikara / Madagascar"
"Soanierana, Antananarivo, Analamanga, Madagascar",-18.9381282,47.524023,exacte,"Soanierana, Antananarivo, Analamanga, Province d’Antananarivo, 102, Madagasikara / Madagascar"
"Soanierana-Ivongo, Analanjirofo, Madagascar",-16.920327,49.585367,exacte,"Soanierana Ivongo, Analanjirofo, Province de Tamatave, Madagasikara / Madagascar"
"Soanindrariny, Antsirabe, Vakinankaratra, Madagascar",-19.904917,47.235248,exacte,"Soanindrariny, Antsirabe II, Vakinankaratra, Province d’Antananarivo, Madagasikara / Madagascar"
"Soavimasoandro, Antananarivo, Analamanga, Madagascar",-18.8627913,47.5182153,exacte,"Soavimasoandro, Antananarivo, Analamanga, Province d’Antananarivo, 100, Madagasikara / Madagascar"
"Soavimbahoaka, Antananarivo, Analamanga, Madagascar",-18.891385,47.5408412,exacte,"Soavimbahoaka, Ambatomainty, Antananarivo, Analamanga, Province d’Antananarivo, 100, Madagasikara / Madagascar"
"Soavina, Antananarivo, Analamanga, Madagascar",-18.9593135,47.5032816,exacte,"Soavina, Vahilava, District d'Antananarivo Atsimondrano, Analamanga, Province d’Antananarivo, 102, Madagasikara / Madagascar"
"Soavinandriana, Itasy, Madagascar",-19.2179582,46.5864031,exacte,"Soavinandriana, Itasy, Province d’Antananarivo, 118, Madagasikara / Madagascar"
"Talatamaty, Antananarivo, Analamanga, Madagascar",-18.8399189,47.4602622,exacte,"Talatamaty, Ambohidratrimo, District d'Ambohidratrimo, Analamanga, Province d’Antananarivo, 105, Madagasikara / Madagascar"
"Tanjombato, Antananarivo, Analamanga, Madagascar",-18.9524876,47.5181839,exacte,"Parc des expos Forello, Tanjombato, Rue Général Roland Rabetafika, Fasan'ny Karàna, Anosizato Andrefana, Ankadimbahoaka, Antananarivo, Analamanga, Province d’Antananarivo, 101, Madagasikara / Madagascar"
"Toamasina, Atsinanana, Madagascar",-18.1553985,49.4098352,exacte,"Toamasina, Toamasina I, Atsinanana, Province de Tamatave, 501, Madagasikara / Madagascar"
"Tolagnaro, Anosy, Madagascar",-25.0290132,46.9966565,exacte,"Tolagnaro, District de Tôlanaro, Anosy, Province de Toliara, Madagasikara / Madagascar"
"Toliara, Atsimo-Andrefana, Madagascar",-23.354173,43.66966,exacte,"Toliara, Toliary-I, Atsimo-Andrefana, Province de Toliara, 601, Madagasikara / Madagascar"
Tongarivo,-18.9676391,47.5277716,incertaine,"Tongarivo, District d'Antananarivo Atsimondrano, Analamanga, Province d’Antananarivo, 102, Madagasikara / Madagascar"
"Tsarahonenana, Antananarivo, Analamanga, Madagascar",-18.9037083,47.55076,exacte,"Tsarahonenana, Antananarivo, Analamanga, Province d’Antananarivo, 103, Madagasikara / Madagascar"
"Tsaramasay, Antananarivo, Analamanga, Madagascar",-18.8914428,47.5162534,exacte,"Tsaramasay, Ankazomanga, Antananarivo, Analamanga, Province d’Antananarivo, 101, Madagasikara / Madagascar"
"Tsaratanana, Betsiboka, Madagascar",-17.1382239,47.6360901,exacte,"Tsaratanana, Betsiboka, Province de Mahajanga, 203, Madagasikara / Madagascar"
"Tsiadana, Antananarivo, Analamanga, Madagascar",-18.9182962,47.5449553,exacte,"Tsiadana, Antananarivo, Analamanga, Province d’Antananarivo, 103, Madagasikara / Madagascar"
"Tsihombe, Androy, Madagascar",-25.318547,45.484057,exacte,"Tsihombe, Androy, Province de Toliara, 621, Madagasikara / Madagascar"
"Tsimbazaza, Antananarivo, Analamanga, Madagascar",-18.9362146,47.5280682,exacte,"Tsimbazaza, Route Circulaire, Tsarafaritra Tsimbazaza, Antananarivo, Analamanga, Province d’Antananarivo, 102, Madagasikara / Madagascar"
"Tsiroanomandidy, Bongolava, Madagascar",-18.7698412,46.0495226,exacte,"Tsiroanomandidy, Bongolava, Province d’Antananarivo, Madagasikara / Madagascar"
"Vakinankaratra, Madagascar",-19.7010485,46.8288083,exacte,"Vakinankaratra, Province d’Antananarivo, Madagasikara / Madagascar"
"Vohemar, Sava, Madagascar",-13.3770033,50.0038171,exacte,"Vohemar, N 59a, Androrona, Vohemar, District de Vohemar, Sava, Province d'Antsiranana, Madagasikara / Madagascar"
Zoma Bealoka,-18.853328,47.0569298,incertaine,"Zoma Bealoka, Miarinarivo, Itasy, Province d’Antananarivo, Madagasikara / Madagascar"
